Variant,Rosetta Score,"delta-delta-G"
WT,-43.6622479669,0.0
19E2LYS,-43.6805818074,-0.0183338404616
19E3LYS,-44.0995926578,-0.437344690933
19E4LYS,-44.290888035,-0.628640068137
19E5LYS,-44.6006339913,-0.938386024432
19E6LYS,-44.7229793327,-1.06073136584
19E7LYS,-44.9894450073,-1.32719704037
19E8LYS,-45.0998702321,-1.43762226518
19E9LYS,-45.3230891226,-1.66084115565
19E10LYS,-45.4130250989,-1.75077713201
19E11LYS,-45.615047387,-1.95279942012
19E12LYS,-45.6887044854,-2.0264565185
19E13LYS,-45.8773204349,-2.21507246802
19E14LYS,-45.9402843629,-2.27803639597
19E15LYS,-46.1186090768,-2.45636110992
19E16LYS,-46.1732256122,-2.51097764535
19E17LYS,-46.3434544122,-2.68120644531
19E18LYS,-46.3914113216,-2.72916335473
19E19LYS,-46.5551843168,-2.89293634988
19E20LYS,-46.5976986653,-2.93545069841
19E21LYS,-46.7564421284,-3.09419416151
19E22LYS,-46.7945408488,-3.13229288188
19E23LYS,-46.894535064,-3.23228709711
19E24LYS,-46.9845274354,-3.32227946853
19E25LYS,-47.1029099822,-3.44066201527
19E26LYS,-47.1339846666,-3.47173669968
19E27LYS,-47.2805821623,-3.61833419542
19E28LYS,-47.3088836473,-3.64663568041
19E29LYS,-47.4530846939,-3.79083672698
19E30LYS,-47.4790612785,-3.81681331163
19E31LYS,-47.5665681346,-3.90432016767
19E32LYS,-47.646098996,-3.98385102915
19E33LYS,-47.7853474164,-4.12309944953
19E34LYS,-47.8075605558,-4.14531258894
19E35LYS,-47.9451338564,-4.28288588947
19E36LYS,-47.9656836092,-4.30343564229
19E37LYS,-48.0469876295,-4.3847396626
19E38LYS,-48.1214356366,-4.45918766972
19E39LYS,-48.2025039216,-4.54025595472
19E40LYS,-48.2764404439,-4.61419247697
19E41LYS,-48.4097642554,-4.74751628846
19E42LYS,-48.4265583006,-4.76431033367
19E43LYS,-48.5041685663,-4.8419205994
19E44LYS,-48.5753207797,-4.91307281278
19E45LYS,-48.7063449816,-5.04409701474
19E46LYS,-48.7215320454,-5.05928407854
19E47LYS,-48.8515947675,-5.18934680057
19E48LYS,-48.8657544516,-5.20350648471
19E49LYS,-48.9951525182,-5.33290455133
19E50LYS,-49.0084497851,-5.34620181825
19E51LYS,-49.0825305727,-5.42028260585
7S2LEU,-39.9003525412,3.76189542567
7S3LEU,-40.3249157896,3.33733217729
7S4LEU,-40.5269445624,3.13530340447
7S5LEU,-40.7971464729,2.865101494
7S6LEU,-40.9809799449,2.68126802198
7S7LEU,-41.2049277374,2.45732022947
7S8LEU,-41.3603174658,2.30193050109
7S9LEU,-41.5582066246,2.10404134226
7S10LEU,-41.7125528537,1.94969511325
7S11LEU,-41.8709208579,1.79132710902
7S12LEU,-42.006854309,1.65539365786
7S13LEU,-42.1540000983,1.50824786861
7S14LEU,-42.282646103,1.37960186392
7S15LEU,-42.415878435,1.24636953186
7S16LEU,-42.5327113541,1.12953661279
7S17LEU,-42.6545208322,1.00772713473
7S18LEU,-42.7620225728,0.900225394133
7S19LEU,-42.8783622704,0.783885696529
7S20LEU,-42.9816419925,0.680605974384
7S21LEU,-43.0900452345,0.572202732444
7S22LEU,-43.1869644366,0.475283530275
7S23LEU,-43.2914847148,0.370763252093
7S24LEU,-43.3851901477,0.277057819199
7S25LEU,-43.4532376402,0.209010326694
7S26LEU,-43.5431285612,0.119119405734
7S27LEU,-43.6391821558,0.0230658111461
7S28LEU,-43.7262786393,-0.0640306724445
7S29LEU,-43.8199447331,-0.157696766223
7S30LEU,-43.9049118374,-0.242663870515
7S31LEU,-43.9974035727,-0.335155605794
7S32LEU,-44.0814621386,-0.41921417168
7S33LEU,-44.1701547262,-0.507906759292
7S34LEU,-44.2511469749,-0.588899007972
7S35LEU,-44.3387526001,-0.676504633205
7S36LEU,-44.4187831558,-0.756535188888
7S37LEU,-44.5038138021,-0.841565835201
7S38LEU,-44.5819444855,-0.919696518592
7S39LEU,-44.6656545206,-1.0034065537
7S40LEU,-44.7425352732,-1.08028730626
7S41LEU,-44.8256988721,-1.16345090523
7S42LEU,-44.9021234724,-1.23987550552
7S43LEU,-44.9832036494,-1.32095568255
7S44LEU,-45.0580379886,-1.39579002166
7S45LEU,-45.1382500416,-1.47600207474
7S46LEU,-45.2122394521,-1.54999148517
7S47LEU,-45.2917589649,-1.62951099802
7S48LEU,-45.3654869411,-1.70323897423
7S49LEU,-45.4438192398,-1.78157127295
7S50LEU,-45.5164806805,-1.85423271364
7S51LEU,-45.5937829406,-1.9315349737
